,User_ID,Name,Surname,number_devices,Email,phone,address
0,U101,Aiken,Hatchett,2,mauricio00@legros.com,8023199639,"19 Seymour House, Cressex Road, High Wycombe,HP12 4TX"
1,U102,Galan,Goodie,3,dwight37@gottlieb.com,8157281912,"Marsh Gate House, Staithe Lane, Thornham,PE36 6NL"
2,U103,Norris,Bolding,2,bwilkinson@gmail.com,8039874983,"236 Poole Lane, Bournemouth,BH11 9DT"
3,U104,Aart,Bryan,2,mozell14@koss.org,8069391944,"40 Harmondsworth Road, West Drayton,UB7 9JN"
4,U105,Lynn,Danson,2,angela71@hessel.info,8175761476,"The Arc, Bourton,TF13 6QQ"
5,U106,Lucan,Boustead,1,heaney.fleta@white.biz,8059263498,"186 Wycombe Road, Prestwood,HP16 0HJ"
6,U107,Elmer,Gladish,1,smitham.marley@yahoo.com,7039937855,"15 Bramcote Avenue, Manchester,M23 1FX"
7,U108,Burgess,Fort,1,corwin.lyda@yahoo.com,7061812918,"Flat 5, Greyfriars Court, George Hill Road, Broadstairs,CT10 3JY"
8,U109,Garrett,Hanners,1,orlando57@raynor.com,8073777411,"8 Trenchard Close, Grimethorpe,S72 7FH"
9,U110,Lucan,Fisk,1,eweimann@yahoo.com,8171903935,"6 Lambourn Close, Shoeburyness,SS3 8TP"
10,U111,Tolan,Griscom,2,dicki.reginald@gmail.com,8194076907,"Longacres, Station Road, Chobham,GU24 8AX"
11,U112,Stewart,Gills,1,gterry@flatley.com,8079474016,"4 Penrhos Terrace, Moelfre,LL72 8LD"
12,U113,Piers,Dendy,1,kale.heidenreich@stark.com,8085401887,"Appletree Cottage, Shute Lane, Combe Martin,EX34 0HA"
13,U114,Norton,Dark,1,mccullough.dedric@gmail.com,8097768749,"The Maples, Dereham Road, Swanton Morley,NR20 4LT"
14,U115,Audley,Dilley,3,aluettgen@gmail.com,8037070505,"13 Waverley Road, Ramsgreave,BB1 9BN"
15,U116,Lister,Danby,2,eve69@oberbrunner.org,7062845946,"Meadow Croft, Saltcoats,CA19 1YY"
16,U117,Leng,Earnest,2,deon.witting@boehm.org,8028022987,"2 Hillier Cottages, Standerwick,BA11 2PR"
17,U118,Oswin,Crust,2,schinner.maeve@yahoo.com,8176944231,"Little Cross Cottage, Goldcliff,NP18 2AT"
18,U119,Baxter,Boggess,2,richie43@hermann.net,8079005310,"49 Vincent Road, Wood Green,N22 6PA"
19,U120,Dalston,Cheatwood,1,kirsten.funk@runolfsdottir.com,8188364159,"51 Luckwell Road, Bristol,BS3 3ES"
20,U121,Manton,Greenway,1,kelli.herzog@denesik.com,8188760236,"80 Handside Lane, Welwyn Garden City,AL8 6SJ"
21,U122,Orvyn,Eger,1,prosacco.abe@yahoo.com,8051865683,"Toll Bridge Cottage, Whitney On Wye,HR3 6EW"
22,U123,Torr,Dendy,2,joseph44@stamm.info,7044521124,"4 Cromer Road, Doncaster,DN2 6NF"
23,U124,Barton,Buttrey,2,xthompson@krajcik.com,7036273669,"6 Bishops Court, Heather Drive, Andover,SP10 3RS"
24,U125,Lang,Francis,3,eladio04@hotmail.com,8171235757,"Castle Buildings, 13 - 19 Womanby Street, Cardiff,CF10 1BR"
25,U126,Orville,Burt,2,kaylee.tillman@hotmail.com,7064516479,"Tracy Hill, Roborough,EX19 8TG"
26,U127,Jeffrey,Adderly,2,gwehner@quigley.com,8134975700,"4 Trent Way, Wirral,CH60 3RX"
27,U128,Storm,Cornett,2,clockman@yahoo.com,8068336490,"12 Maynarde Close, Plymouth,PL7 2XX"
28,U129,Kingsley,Hallman,3,schmitt.jalon@yahoo.com,8079711037,"15 Whitton Road, Stockton-On-Tees,TS19 7EE"
29,U130,Cyril,Chill,1,alycia03@purdy.com,8147484210,"8 Lytton Fields, Knebworth,SG3 6AZ"
30,U131,Virgil,Fenney,2,lcrona@willms.com,8092161047,"145 Colchester Road, Leyton,E10 6HE"
31,U132,Alger,Grundy,2,runte.deja@gmail.com,8162945833,"12 Speckled Wood, Hastings,TN35 5AH"
32,U133,Odin,Drye,1,kianna.morar@howell.com,8024257496,"Highfields Farm, Clifton Lane, Clifton Campville,B79 0AQ"
33,U134,Gervaise,Eagerton,2,torphy.hermann@koepp.biz,8155974879,"8 Jubilee Close, Greenhithe,DA9 9HR"
34,U135,Barton,Ackerman,2,quigley.olin@yahoo.com,8065239184,"Hunters Chase, Crosby,DL6 3SU"
35,U136,Deman,Alliston,1,harley66@ortiz.com,8028386832,"888 Walsall Road, Great Barr,B42 1TH"
36,U137,Averil,Chapel,1,brekke.maude@hotmail.com,8075300064,"7 Fishers Road, Berkeley,GL13 9AU"
37,U138,Kim,Aspell,3,keegan08@murazik.com,7052792824,"Lynwood, Sardis,SA69 9AR"
38,U139,Virgil,Gladish,1,piper.pollich@hotmail.com,8037611748,"153 Wadham Gardens, Greenford,UB6 0BX"
39,U140,Bernard,Heritage,1,kavon.stiedemann@hotmail.com,8196331691,"Hollowstones Cottage, Eskdale,CA19 1TR"
40,U141,Byron,Coll,3,simeon.reinger@kling.org,8193820770,"8B High Street, London,N8 7PD"
41,U142,Eamon,Durston,3,corbin.schaefer@stehr.com,8181339406,"Flat 1, Holly Lodge Mansions, Oakeshott Avenue, London,N6 6DR"
42,U143,Barton,Foard,3,hnitzsche@gmail.com,8192806475,"135 Prenton Dell Road, Prenton,CH43 3BT"
43,U144,Acwel,Henley,3,maida84@yahoo.com,7053605332,"1 Markham Square, Edlington,DN12 1EB"
44,U145,Chad,Hanks,3,vena.green@swift.net,8055851916,"11 Beech Road, Martock,TA12 6DT"
45,U146,Orde,Darby,3,hoeger.maxime@wiegand.com,8091138956,"Lullyng Cottage, Lyminster Road, Lyminster,BN17 7QE"
46,U147,Bernard,Biglow,3,ybashirian@yahoo.com,8178216625,"Brookfield, Nine Ashes Road, Blackmore,CM4 0QW"
47,U148,Edsel,Angwin,1,desiree.grimes@braun.com,8136807404,"8 Suddle Way, Keelby,DN41 8HD"
48,U149,Dalston,Hatchell,3,araceli47@wintheiser.org,8021230238,"12 Northfleet Road, Eccles,M30 7PQ"
49,U150,Geoffrey,Edgeworth,3,jwunsch@gmail.com,7023849637,"2 Slipend Cottages, Morebath,EX16 9AQ"
